EAI面板(Num0)	EAI Panel (Num0)
動畫匯入	Animation Import
模組設定	Module Settings
外部模型調整	External Models
導入動畫	Import Animation
選擇 Blender 資料夾	Choose Blender Folder
未找到 Blender，請選擇資料夾	Blender not found. Choose its folder.
當前路徑：	Current path: 
等待偵測 Blender 路徑	Detecting Blender path
Blender：自動尋找	Blender: automatic detection
管理員姿勢（測試功能）：	Endministrator Pose (Experimental): 
管理員姿勢（測試功能）	Endministrator Pose (Experimental)
正面雙手摟腰	Front Waist Hug (Both Hands)
背面雙手摟腰	Back Waist Hug (Both Hands)
雙手摸頭	Head Pat (Both Hands)
背面摟腰	Back Waist Hug
正面摟腰	Front Waist Hug
不添加動作	None
保持站姿	Keep Standing Pose
站立	Standing
無	None
內建握手	Built-in Handshake
雙角色站位	Two-character Placement
站位預覽	Placement Preview
雙向對視	Mutual Gaze
單向 LookAt	One-way LookAt
管理員看向對方	Endministrator Looks at Partner
頭部測試	Head Test
对视	Gaze
對視	Gaze
動畫缺失	Missing Animation
未選擇動畫	No Animation Selected
未選擇匯入動畫	No Imported Animation Selected
導入 FBX	Import FBX
導入動畫 JSON	Import Animation JSON
（選擇檔案）	 (Choose File)
FBX 需本機 Blender；JSON 使用本模組動畫格式。	FBX requires local Blender. JSON must use EAI's animation format.
動畫列表	Animation Library
瀏覽動畫	Animation Library
尚未導入動畫	No Imported Animations
拖曳項目排序，右側按鈕刪除動畫。	Drag to reorder. Use the button on the right to delete.
互動角色	Partner
更新隊伍角色	Refresh Party
連接遊戲入口	Connect to Game
主控：男性管理員	Controlled: Male Endministrator
主控：女性管理員	Controlled: Female Endministrator
主控：請控制管理員	Controlled: Please Play as the Endministrator
主控：等待遊戲辨識	Controlled: Waiting for Game
選擇互動角色：	Select Partner: 
互動角色：	Partner: 
目前互動角色：佩利卡（預設，尚未套用）	Current partner: Perlica (default, not applied)
校準模式	Calibration
選擇動畫：	Animation: 
支撐模式：	Support: 
循環校準動畫	Loop Animation
播放動畫	Play Animation
停止動畫	Stop Animation
配角動畫時間：尚未播放	Partner Timeline: Not Playing
配角動畫時間：	Partner Timeline: 
繼續／暫停播放時間軸	Resume / Pause Timeline
時間（秒）	Time (s)
前一格	Previous Frame
後一格	Next Frame
標記起點：	Mark Start: 
標記終點：	Mark End: 
區間長度：	Range Length: 
區間循環	Loop Range
重設區間	Reset Range
保存動畫	Save Animation
另存動畫片段	Save Clip As
準備匯出到[互動預設]	Prepare for [Interaction Presets]
設定已準備	Settings Prepared
設定尚未準備	Settings Not Prepared
播放：骨架設定即時套用；停止：還原角色並保留參數。	Play applies bone settings. Stop restores characters and keeps settings.
支撐作用於互動角色；腳以播放前接觸點、膝以起始姿勢為支點。跳躍請選不固定。	Support affects the partner. Feet use pre-playback contact; knees use the starting pose. Use Free for jumps.
時間軸：拖曳後暫停；每格 1/30 秒。	Seeking pauses playback. Each step is 1/30 second.
保存動畫：選取區間加入動畫庫；另存：所選區間另存 JSON。	Save adds the range to the library. Save As exports the range as JSON.
準備匯出：記錄角色、動畫、骨架設定供插槽或設定 JSON 使用。	Prepare captures characters, animation and bone settings for presets or settings JSON.
設定匯出路徑：	Settings export path: 
骨架設定	Bone Settings
更新全部骨架（實際節點）	Refresh All Bones
更新全部骨架	Refresh All Bones
全部骨架參數	All Bone Parameters
位移 XYZ、旋轉 XYZ、縮放 XYZ	Position XYZ, Rotation XYZ, Scale XYZ
請先更新全部骨架，再回遊戲等待	Refresh all bones, then return to the game and wait.
主控骨架	Controlled Character Bones
所有實際骨架	All Runtime Bones
還原骨架預設	Reset Bone Defaults
展開查看骨架	Expand to View Bones
整個人物（模型根節點）	Whole Character (Model Root)
人物根節點	Character Root
頭／頸／臉	Head / Neck / Face
身體／脊椎	Body / Spine
左手／手臂	Left Hand / Arm
右手／手臂	Right Hand / Arm
腿／腳	Legs / Feet
其他	Other
9 個參數	9 Parameters
12 個參數	12 Parameters
縮放 API 不可用	Scale API Unavailable
全部還原預設值	Reset All Defaults
全部還原預設	Reset All Defaults
互動預設	Interaction Presets
小鍵盤 1～9 已啟用	Numpad 1–9 Enabled
啟用小鍵盤 1～9	Enable Numpad 1–9
選擇插槽：小鍵盤 	Slot: Numpad 
（點擊切換）	 (Click to Cycle)
此槽：	This Slot: 
已設定	Configured
空白	Empty
套用已準備設定	Apply Prepared Settings
套用設定（請先準備）	Apply Settings (Prepare First)
讀取設定 JSON	Load Settings JSON
開始／停止互動	Start / Stop Interaction
保存設定	Save Settings
九組預設列表	All Nine Presets
開始／停止	Start / Stop
小鍵盤 	Numpad 
小鍵盤 1～9 觸發已設定插槽，需開啟 Num Lock。	Numpad 1–9 activates configured slots. Num Lock must be on.
BEM 與 EFMI 可同時啟動；BEM 請選 XInput 自啟動。	BEM and EFMI can run together. Use BEM's XInput auto-start.
請停用 BEM 第一人稱／相機模組並重啟遊戲。	Disable BEM's first-person / camera module and restart the game.
模組掃描	Mod Scan
選擇資料夾	Choose Folder
掃描模組	Scan Mods
清單來自 INI；不代表部件正在顯示。	The list comes from INI files; parts may not currently be visible.
即時網格調整（未完成）	Live Mesh Adjustment (Unfinished)
寫入橋接	Write Bridge
停用橋接	Disable Bridge
寫入後回遊戲重載 EFMI：	After writing, reload EFMI in-game: 
原模組檔案保留；停用橋接不重設已保存值。	Original mod files are preserved. Disabling the bridge does not reset saved values.
請先選擇資料夾並掃描	Choose a folder and scan first.
參數／部件清單	Parameters / Parts
可用參數	Available Parameters
調整後需寫入橋接	Write the bridge after editing.
沒有可辨識的持久參數	No Recognized Persistent Parameters
網格變形	Mesh Transform
大小、角度、位移、支點	Scale, Angle, Position, Pivot
局部座標；位移／支點 cm，角度 °，大小 倍	Local coordinates: position / pivot in cm, angles in degrees, scale as a multiplier.
打包法線／切線保留原值，轉角可能影響光照。	Packed normals / tangents are preserved. Rotation may affect lighting.
格式尚未支援	Unsupported Format
還原此網格（含同名 LOD）	Reset Mesh (Including Matching LODs)
配件／網格	Parts / Meshes
名稱與繪製條件	Names and Draw Conditions
網格不等同骨架；未提供大小／關節參數者尚不能變形。	Meshes are not bones. Unsupported mesh / joint parameters cannot be adjusted.
另存參數設定	Save Settings As
刪除此動畫？引用它的插槽會保留並標示動畫缺失。	Delete this animation? Referencing slots remain and will show a missing animation.
刪除動畫	Delete Animation
刪除	Delete
Num0／Esc 返回遊戲 · 滾輪捲動 · 	Num0 / Esc: Return to Game · Scroll Wheel · 
 項	 Items
 秒	 s
請先回遊戲，再選擇 FBX	Return to the game before choosing an FBX.
放開拖至第 	Release to Move to Position 
 個位置	
拖曳動畫列表調整順序	Drag the Animation List to Reorder
請先準備匯出	Prepare Settings First
不固定	Free
左腳固定	Left Foot
右腳固定	Right Foot
左膝固定	Left Knee
右膝固定	Right Knee
動畫片段名稱：	Clip Name: 
新動畫片段	New Animation Clip
保存	Save
取消	Cancel
無法取得 UI 焦點，請按 Num0 重試	Cannot focus the panel. Press Num0 to retry.
互動動畫 JSON	Interaction Animation JSON
校準設定 JSON	Calibration Settings JSON
FBX 骨架動畫	FBX Skeletal Animation
動畫.json	animation.json
選擇 Blender 安裝資料夾（包含 blender.exe）	Choose Blender's installation folder (containing blender.exe)
選擇 EFMI 模組資料夾或 Mods 資料夾	Choose an EFMI mod folder or the Mods folder
－ 收起 	− Collapse 
＋ 展開 	+ Expand 
位移 	Position 
旋轉 	Rotation 
縮放 	Scale 
角度 	Angle 
大小 	Scale 
支點 	Pivot 
互動角色缺少所選支點骨架，請更新全部骨架或選不固定	The partner lacks the support bone. Refresh bones or select Free.
支撐更新失敗，動畫已停止，請查看日誌	Support update failed. Animation stopped; check the log.
播放啟動失敗，請查看模組日誌	Playback could not start. Check the module log.
設定中的骨架不存在，請更新骨架或還原預設	A configured bone is missing. Refresh bones or reset defaults.
骨架掃描超過上限，無法啟動	Too many scanned bones. Cannot start.
互動已停止並還原	Interaction Stopped and Restored
已停止，還原未確認	Stopped; Restoration Unverified
握手正在執行	Handshake Active
站位正在執行	Placement Active
雙向對視正在執行	Mutual Gaze Active
LookAt 正在執行	LookAt Active
手臂無法觸及，互動已停止	Arm target is unreachable. Interaction stopped.
找不到預設互動角色	Preset Partner Not Found
主控與預設不符，請切換對應管理員	Controlled character does not match the preset. Switch Endministrator.
未選擇動畫	No Animation Selected
連接後選擇角色和動畫，再播放校準。	Connect, choose a partner and animation, then preview and calibrate.
摟腰與摸頭會讓兩人靠近，管理員雙手追蹤對方腰部或頭部；大幅移動的動畫可能超出手臂範圍。	Hugs and head pats bring both characters closer. Both hands track the partner's waist or head; large movements may exceed arm reach.
讀取本模組轉換或另存的動畫 JSON；校準設定請在小鍵盤插槽讀取。相同動畫 ID 會更新原項目。	Load animation JSON converted or exported by EAI. Load calibration settings in a preset slot. The same animation ID updates the existing item.
FBX 會自動取得互動角色的 Mesh.bindposes，再用 Blender 背景重定向。支援 Mixamo 與本次 Chocolate 骨架；其他骨架會回報缺少對應。	FBX import reads the partner's Mesh.bindposes and retargets in background Blender. Mixamo and the supported Chocolate rig are recognized; other rigs may report missing mappings.
導入 FBX 需要本機 Blender。BVH、VMD 尚不支援。	FBX import requires local Blender. BVH and VMD are not supported.
拖曳項目調整順序。刪除動畫後，引用它的插槽保留並標示缺失。	Drag to reorder. Deleting an animation keeps referencing slots, marked as missing.
更新列表	Refresh Library
使用前請停用 BEM 相機模組並重啟遊戲。僅關閉第一人稱視角可能仍會佔用入口，造成連接失敗。	Disable BEM's camera module and restart the game before use. Turning off first-person view alone may leave the game hook occupied and prevent connection.
先更新隊伍清單	Refresh Party First
套用	Apply
連接失敗，請查看 BEM 模組日誌	Connection failed. Check the BEM module log.
更新清單	Refresh List
尚未連接	Not Connected
診斷與面板顯示	Diagnostics and Panel Visibility
顯示遊戲面板	Show Game Panel
隱藏遊戲面板	Hide Game Panel
掃描骨架	Scan Bones
已登錄模型部件	Registered Model Parts
EFMI 模組資料夾：	EFMI Mod Folder: 
選擇 Mods 或單一模組資料夾	Choose Mods or an Individual Mod Folder
已匯出的校準設定 JSON	Exported Calibration Settings JSON
設定已變動，請重新準備匯出	Settings changed. Prepare again before exporting.
搜尋骨架名稱	Search Bone Names
搜尋骨架	Search Bones
主控／互動角色的全部骨架參數	All Bones of the Controlled Character / Partner
先更新隊伍並套用互動角色，再更新全部骨架。	Refresh the party and apply the partner, then refresh all bones.
啟用快捷鍵（需 Num Lock）	Enable Hotkeys (Requires Num Lock)
先準備匯出，再套用至槽位；也可讀取單份校準設定 JSON。空白槽位不觸發互動。	Prepare settings, then apply to a slot, or load a calibration JSON. Empty slots do not start interactions.
儲存快捷鍵與槽位	Save Hotkeys and Slots
全部預設備份（舊版相容）	All Presets Backup (Legacy Compatibility)
匯出全部預設	Export All Presets
匯入全部預設	Import All Presets
已完成	Done
處理中…	Working…
：處理中	: Working
操作失敗：	Operation Failed: 
操作失敗	Operation Failed
資料超過網頁通訊上限，請使用遊戲面板	Data exceeds the web transport limit. Use the game panel.
連線回覆逾時，請重新開啟面板後再試	Connection timed out. Reopen the panel and retry.
未收到回覆；請查看模組狀態，勿視為完成	No response received. Check module status; the operation is unconfirmed.
正在開啟 FBX 選檔視窗	Opening the FBX File Dialog
選檔面板尚未準備，請先回遊戲開啟 Num0 面板	File dialog is not ready. Open the Num0 panel in-game first.
FBX 已排隊，等待 Gameplay 更新	FBX Queued; Waiting for Gameplay Update
FBX 匯入被拒絕，請查看匯入狀態	FBX Import Rejected; Check Import Status
已準備，可匯出或套用槽位	Prepared; Export or Apply to a Slot
校準設定已更新	Calibration Settings Updated
已送出播放，等待 Gameplay 更新	Playback Queued; Waiting for Gameplay Update
校準設定已存入槽位	Calibration Settings Saved to Slot
請先準備或讀取合法校準 JSON	Prepare or Load a Valid Calibration JSON First
動畫列表已更新	Animation Library Updated
動畫列表更新失敗	Animation Library Update Failed
動畫已驗證並導入，請在預設動作中選取	Animation Validated and Imported; Select It in Calibration
動畫格式不合法或保存失敗	Invalid Animation Format or Save Failed
遊戲內面板顯示狀態已更新	Game Panel Visibility Updated
九組預設已更新	Nine Presets Updated
預設已排隊，請回 Gameplay 等待套用	Preset Queued; Return to Gameplay to Apply
預設內容不合法或使用未支援動作	Invalid Preset or Unsupported Animation
診斷入口已連接	Connected to Game
請先連接入口	Connect to Game First
已排入角色掃描；請回 Gameplay 等待更新	Party Scan Queued; Return to Gameplay
互動角色已選擇；請保存至互動預設	Partner Selected; Save to Interaction Presets
請更新角色清單後重新選擇	Refresh the Party and Select Again
請先停止並還原，再選擇角色	Stop and Restore Characters Before Selecting a Partner
已要求停止；請回 Gameplay 等待還原	Stop Requested; Return to Gameplay for Restoration
參數已接收，下一個 Gameplay 更新套用	Parameters Received; Applied on the Next Gameplay Update
已啟用：回 Gameplay 按 Num0 開始／停止	Enabled: Return to Gameplay and Press Num0 to Start / Stop
雙向對視已啟用，請按 Num0	Mutual Gaze Enabled; Press Num0
LookAt 已啟用，請按 Num0	LookAt Enabled; Press Num0
頭部測試已啟用，請按 Num0	Head Test Enabled; Press Num0
頁面	Page
預設 	Preset 
校準設定	Calibration Settings
尚未播放	Not Playing
作用於互動角色。腳以播放前的接觸點為支點；膝以起始姿勢為支點。跳躍或抬腳動畫請選不固定。選擇後隨校準設定保存至互動預設。	Affects the partner. Feet anchor at pre-playback contact; knees anchor at the starting pose. Use Free for jumps or lifted feet. Saved with calibration settings and presets.
停止播放	Stop Playback
標記起點	Mark Start
標記終點	Mark End
尚未準備	Not Prepared
匯出路徑：尚未匯出	Export Path: Not Exported
播放動畫：播放所選動畫，讓支援的骨架設定即時反映到遊戲內容。	Play previews the selected animation and applies supported bone settings in-game.
停止播放：停止動畫並還原角色狀態，保留已調整的參數。	Stop restores the characters and preserves adjusted settings.
準備匯出：記錄目前主控、互動角色、動畫與骨架參數，建立可匯出或套用至小鍵盤槽位的設定快照；修改設定後需重新準備。	Prepare captures the controlled character, partner, animation and bone settings for export or preset slots. Prepare again after changes.
另存參數設定：將已準備的設定保存為 JSON 檔案，完整路徑顯示在上方。檔案引用動畫 ID，不包含動畫本身。	Save Settings As writes the prepared settings to JSON. Its path appears above. It references an animation ID and does not contain the animation.
FBX 人物根節點：XYZ 以管理員為基準（X 左右、Y 上下、Z 前後，單位 cm），換位置或朝向後重新播放會保留雙人佈置；調整主控 root 會帶動整個佈置。其他骨架：局部位移（cm）、局部旋轉（度）、相對縮放（倍）。數值疊加在動畫上；人物根節點控制整個模型。縮放與位移可能改變人物比例；尚未提供完整 IK 或碰撞修正。	FBX model root: XYZ relative to the Endministrator (X sideways, Y vertical, Z forward/back, in cm). Replaying after moving or turning rebuilds the paired placement. Adjusting the controlled root moves the arrangement. Other bones use local position (cm), rotation (degrees), and scale multipliers on top of animation. The root controls the whole model. Full IK and collision correction are not provided.
BEM 與 EFMI 可以同時啟動。BEM 請選擇「XInput 自啟動」；請停用 BEM 第一人稱／相機模組並重啟遊戲。	BEM and EFMI can run together. Select XInput auto-start in BEM. Disable BEM's first-person / camera module and restart the game.
清單由 INI 的網格註解、繪製條件與持久參數建立；尚未驗證哪些配件正在遊戲中顯示。	The list is built from INI mesh comments, draw conditions and persistent parameters. Currently visible parts are not verified.
首次需寫入橋接並 F10；接通後網格即時套用，形態參數仍需重載。	Initial setup requires writing the bridge and pressing F10. Live mesh connection remains experimental; shape parameters require reloading.
只修改獨立 BEM 橋接檔。調整後寫入橋接，再回遊戲按重載鍵套用；停用不會重設 EFMI 已保存的值。可辨識頂點／索引的網格可做幾何變形；不會新增骨架關節。	Only the separate BEM bridge is changed. Write it, then reload in-game. Disabling does not reset values saved by EFMI. Recognized vertex/index meshes support transforms, without adding bones.
滑桿	 Slider
數值	 Value
主控 · 全部骨架	Controlled Character · All Bones
互動角色 · 全部骨架	Partner · All Bones
（倍）	 (Multiplier)
已更新：	Updated: 
；下一個 Gameplay 更新套用	; Applies on the Next Gameplay Update
骨架更新失敗：	Bone Update Failed: 
主控	Controlled Character
） · 尚未接通	) · Not Connected
骨架已更新，請重新掃描	Bones changed. Scan again.
骨架分頁未完成	Bone Pagination Incomplete
已取得 	Retrieved 
 個實際節點；展開骨架可調整位移、旋轉、縮放。	 Runtime Nodes; Expand to Adjust Position, Rotation and Scale.
即時未接通	Live Connection Unavailable
重載按鍵：	Reload Key: 
尚未找到 EFMI 設定	EFMI Configuration Not Found
可用參數 · 寫入橋接後套用	Available Parameters · Write Bridge to Apply
參數待寫入	Parameters Pending Write
網格變形 · 大小／角度／位移	Mesh Transform · Scale / Angle / Position
同步同名網格（含 LOD）	Sync Matching Mesh Names (Including LODs)
模型局部座標；位移／支點 cm、角度 °、大小 倍。支點預設包圍盒中心，可調至配件根部。打包法線／切線尚未重算，大角度或非等比縮放可能影響光照。	Model-local coordinates: position/pivot in cm, angles in degrees, scale multipliers. The pivot defaults to the bounding-box center; move it to the part's base if needed. Packed normals/tangents are not recalculated; large rotations or nonuniform scale may affect lighting.
 · 尚未支援	 · Unsupported
缺少可辨識的索引與頂點資源	Recognizable Index and Vertex Resources Missing
網格待寫入	Mesh Changes Pending Write
 個動畫	 Animations
 個	 Items
繪製條件：	Draw Condition: 
資源未辨識	Resource Unrecognized
未辨識	Unrecognized
骨架設定格式不合法	Invalid Bone Settings Format
骨架位移、旋轉或縮放不合法	Invalid Bone Position, Rotation or Scale
舊主控不合法	Invalid Legacy Controlled Character
校準不合法	Invalid Calibration
九組預設格式不合法	Invalid Nine-Preset Format
角色、動畫或校準不合法	Invalid Character, Animation or Calibration
支撐模式不合法	Invalid Support Mode
」？引用它的插槽會標示缺失。	"? Referencing slots will show a missing animation.
已取消	Cancelled
已導入 	Imported 
空白槽位	Empty Slot
匯入已準備的校準設定	Apply Prepared Calibration Settings
讀取 JSON	Load JSON
未選檔	No File Selected
網頁設定超過 220 KB，請使用遊戲面板讀取	Web settings exceed 220 KB. Load them through the game panel.
已同步原生槽位，但 BEM 網頁配置超過上限，請使用遊戲面板保存	Native slots synchronized, but BEM web configuration exceeds the limit. Save through the game panel.
請選擇動畫 JSON，校準設定請在插槽讀取	Choose an animation JSON. Load calibration settings in a preset slot.
 cm · 遊戲內套用誤差：	 cm · In-game Application Error: 
目前互動角色：	Current Partner: 
骨架姿勢參考：	Bone Pose Reference: 
姿勢參考未匯出；請先停止播放後再更新骨架。	Pose reference not exported. Stop playback, then refresh bones.
動畫已暫停，現在可比較同一姿勢的校準結果	Paused. Compare calibration on the same pose.
動畫已繼續播放	Playback Resumed
自訂動畫正在播放	Custom Animation Playing
握手正在播放	Handshake Playing
互動角色缺少所選支點骨架，請更新骨架或選不固定	The partner lacks the selected support bone. Refresh bones or select Free.
請切換為此預設對應的管理員	Switch to the Endministrator Required by This Preset
找不到互動角色，請更新隊伍並重新選擇	Partner not found. Refresh the party and select again.
播放已停止，角色已還原	Playback Stopped; Characters Restored
已停止，等待遊戲動畫恢復	Stopped; Waiting for Game Animation to Resume
請先更新隊伍角色	Refresh Party First
支撐模式已更新，需重新準備匯出	Support mode changed. Prepare settings again.
模組未回傳已準備設定	Module Did Not Return Prepared Settings
已準備，可匯出 JSON 或套用槽位	Prepared; Export JSON or Apply to a Slot
已準備	Prepared
匯出路徑：正在儲存…	Export Path: Saving…
匯出失敗：	Export Failed: 
未收到檔案儲存確認	File Save Confirmation Not Received
匯出路徑：	Export Path: 
JSON 已保存：	JSON Saved: 
（可自行在檔案總管開啟此位置）	 (Open This Location in File Explorer)
全部預設 JSON 已產生	All-Presets JSON Generated
格式不合法	Invalid Format
暫停	Paused
播放	Playing
 秒 · 長度 	 s · Duration 
動畫片段	Animation Clip
手指	Fingers
手臂／手腕	Arms / Wrists
腰／脊椎／骨架根	Waist / Spine / Skeleton Root
其他骨架／附屬	Other Bones / Attachments
模型骨架	Model Bones
已連接 Unity 骨架；在模型骨架調整 XYZ	Unity bones connected. Adjust XYZ under Model Bones.
找不到唯一骨架；請確認模組已載入	No unique bone found. Confirm that the mod is loaded.
導入 FBX / VMD	Import FBX / VMD
動畫已排隊，下一次 Gameplay 更新取得 bind pose 後轉換	Animation queued; conversion starts after the next Gameplay bind-pose capture
動畫正在背景重定向，請等待；不會凍結遊戲	Retargeting animation in the background; please wait
動畫已重定向並匯入	Animation retargeted and imported:
請先停止播放再匯入 FBX / VMD	Stop playback before importing FBX / VMD
另一個動畫正在轉換	Another animation is being converted
動畫轉換超過五分鐘，已取消	Animation conversion exceeded five minutes and was cancelled
FBX / VMD 需本機 Blender；VMD 使用內建骨架，只匯入動作。	FBX / VMD requires local Blender; VMD uses the built-in skeleton. Motion only.
主控預設姿勢	Controlled Preset Pose
自行導入	Custom Import
配角動畫校準	Partner Animation Calibration
主控動畫校準	Controlled Animation Calibration
導入主控 FBX / VMD	Import Controlled FBX / VMD
導入配角 FBX / VMD	Import Partner FBX / VMD
導入配角 JSON	Import Partner JSON
主控動畫時間：	Controlled Animation Time:
尚未選擇動畫	No Animation Selected
主控動畫不存在	Controlled animation is missing
支撐各自作用於主控或配角；跳躍請選不固定。	Each support applies to its own actor. Choose Free for jumps.
支撐模式已更新（主控）；需重新準備匯出	Controlled support updated; prepare settings again.
支撐模式已更新（配角）；需重新準備匯出	Partner support updated; prepare settings again.
動畫缺失或主控不符，請重新選擇對應動畫	Animation missing or controlled character mismatch; choose a matching animation.
主控動畫片段	Controlled Animation Clip
主控動畫缺失	Controlled Animation Missing
作用於主控。	Applies to the controlled character.
動畫已選取，暫停預覽已排隊	Animation selected; paused preview queued.
動畫資訊已展開；請先連接遊戲入口	Animation details are visible; connect to the game first.
動畫已選擇，需重新準備匯出	Animation selected; prepare settings again.
主控动画	Controlled Animation
主控動畫	Controlled Animation
主控動畫缺失，請先導入或選擇有效的主控動畫	Controlled animation missing; import or select a valid controlled clip.

同步主控/配角動畫	Sync main/partner animations
☑ 同步主控/配角動畫	☑ Sync main/partner animations
☐ 同步主控/配角動畫	☐ Sync main/partner animations
